,URL_ID,URL,POSITIVE SCORE,NEGATIVE SCORE,POLARITY SCORE,SUBJECTIVITY SCORE,AVG SENTENCE LENGTH,PERCENTAGE OF COMPLEX WORDS,FOG INDEX,AVG NUMBER OF WORDS PER SENTENCE,COMPLEX WORD COUNT,WORD COUNT,SYLLABLE PER WORD,PERSONAL PRONOUNS,AVG WORD LENGTH
0,37.0,https://insights.blackcoffer.com/ai-in-healthcare-to-improve-patient-outcomes/,0,56,-0.9999999821428575,0.061403508704601414,0.6518282988871225,0.4878048780487805,0.4558532707743612,0.6518282988871225,400,817,2.7840616966580978,3,7.381884944920441
1,38.0,https://insights.blackcoffer.com/what-if-the-creation-is-taking-over-the-creator/,0,10,-0.99999990000001,0.043478260680529304,0.625,0.4930232558139535,0.4472093023255814,0.625,106,214,2.7681159420289854,3,7.11214953271028
2,39.0,https://insights.blackcoffer.com/what-jobs-will-robots-take-from-humans-in-the-future/,0,77,-0.9999999870129872,0.09974093251328894,0.5763389288569145,0.4521497919556172,0.4113954883250127,0.5763389288569145,326,717,2.4921985815602836,12,6.7656903765690375
3,40.0,https://insights.blackcoffer.com/will-machine-replace-the-human-in-the-future-of-work/,0,35,-0.9999999714285723,0.0634057969865837,0.6328125,0.4732510288065844,0.44242541152263376,0.6328125,230,481,2.6769230769230767,5,7.014553014553014
4,41.0,https://insights.blackcoffer.com/will-ai-replace-us-or-work-with-us/,0,85,-0.9999999882352942,0.10732323218772319,0.59592795614722,0.49540078843626806,0.43653149783339523,0.59592795614722,377,761,2.683578104138852,3,7.206307490144547
5,42.0,https://insights.blackcoffer.com/man-and-machines-together-machines-are-more-diligent-than-humans-blackcoffe/,0,58,-0.999999982758621,0.08828006074843217,0.5174938974776241,0.470125786163522,0.3950478734564585,0.5174938974776241,299,635,2.5453100158982513,6,6.814173228346457
6,43.0,https://insights.blackcoffer.com/in-future-or-in-upcoming-years-humans-and-machines-are-going-to-work-together-in-every-field-of-work/,0,4,-0.9999997500000625,0.016260162535527794,0.6928104575163399,0.5424528301886793,0.49410531508200767,0.6928104575163399,115,212,2.7333333333333334,1,7.419811320754717
8,45.0,https://insights.blackcoffer.com/how-machine-learning-will-affect-your-business/,0,18,-0.9999999444444475,0.04054054044923302,0.6149341142020498,0.4238095238095238,0.41549745520462944,0.6149341142020498,178,417,2.524154589371981,3,6.800959232613909
9,46.0,https://insights.blackcoffer.com/deep-learning-impact-on-areas-of-e-learning/,0,84,-0.9999999880952383,0.12371134002398919,0.5750232991612302,0.5056726094003241,0.4322783634246218,0.5750232991612302,312,617,2.6799336650082917,4,7.288492706645057
10,47.0,https://insights.blackcoffer.com/how-to-protect-future-data-and-its-privacy-blackcoffer/,0,56,-0.9999999821428575,0.12389380503563317,0.5241935483870968,0.34945054945054943,0.3494576391350585,0.5241935483870968,159,453,2.368888888888889,38,6.403973509933775
11,48.0,https://insights.blackcoffer.com/how-machines-ai-automations-and-robo-human-are-effective-in-finance-and-banking/,0,44,-0.9999999772727278,0.056701030854766715,0.6124567474048442,0.4901129943502825,0.4410278967020507,0.6124567474048442,347,708,2.6451612903225805,1,7.200564971751413
12,49.0,https://insights.blackcoffer.com/ai-human-robotics-machine-future-planet-blackcoffer-thinking-jobs-workplace/,0,45,-0.9999999777777784,0.06320224710224404,0.5753191489361702,0.5103550295857988,0.43426967140878764,0.5753191489361702,345,674,2.6800595238095237,1,7.3026706231454
13,50.0,https://insights.blackcoffer.com/how-ai-will-change-the-world-blackcoffer/,0,79,-0.9999999873417723,0.09987357762342151,0.6083976006855184,0.5,0.44335904027420736,0.6083976006855184,355,709,2.656160458452722,2,7.218617771509168
14,51.0,https://insights.blackcoffer.com/future-of-work-how-ai-has-entered-the-workplace/,0,40,-0.9999999750000007,0.06956521727032136,0.5951629863301787,0.4823321554770318,0.4309980567228842,0.5951629863301787,273,565,2.5693950177935942,8,7.012389380530974
15,52.0,https://insights.blackcoffer.com/ai-tool-alexa-google-assistant-finance-banking-tool-future/,0,98,-0.9999999897959185,0.09570312490653991,0.5610040863981319,0.45265348595213317,0.4054630289401061,0.5610040863981319,435,957,2.5219251336898396,3,6.750261233019854
16,53.0,https://insights.blackcoffer.com/ai-healthcare-revolution-ml-technology-algorithm-google-analytics-industrialrevolution/,0,63,-0.9999999841269844,0.058333333279320984,0.6268292682926829,0.48151750972762647,0.44333871120812374,0.6268292682926829,495,1028,2.6232948583420774,3,6.779182879377432
17,54.0,https://insights.blackcoffer.com/all-you-need-to-know-about-online-marketing/,0,52,-0.9999999807692311,0.09647495343882198,0.5657640232108317,0.305982905982906,0.34869877167749513,0.5657640232108317,179,585,2.2245989304812834,43,5.970940170940171
18,55.0,https://insights.blackcoffer.com/evolution-of-advertising-industry/,0,104,-0.9999999903846155,0.08630705387028459,0.5943753380205516,0.48043676069153773,0.42992483948483573,0.5943753380205516,528,1097,2.6042830540037243,8,7.12306289881495
19,56.0,https://insights.blackcoffer.com/how-data-analytics-can-help-your-business-respond-to-the-impact-of-covid-19/,0,88,-0.9999999886363637,0.11443433015028046,0.5336676217765043,0.40134228187919463,0.3740039614622796,0.5336676217765043,299,736,2.4208389715832204,8,6.448369565217392
21,58.0,https://insights.blackcoffer.com/environmental-impact-of-the-covid-19-pandemic-lesson-for-the-future/,0,25,-0.9999999600000016,0.0712250710221508,0.6427104722792608,0.5079872204472844,0.46027907709061805,0.6427104722792608,159,313,2.880952380952381,2,7.562300319488818
22,59.0,https://insights.blackcoffer.com/how-data-analytics-and-ai-are-used-to-halt-the-covid-19-pandemic/,0,140,-0.9999999928571429,0.08843967145392313,0.6246730601569311,0.4584787159804606,0.4332607104549567,0.6246730601569311,657,1430,2.4978070175438596,7,6.8
23,60.0,https://insights.blackcoffer.com/difference-between-artificial-intelligence-machine-learning-statistics-and-data-mining/,0,101,-0.99999999009901,0.12317073155710886,0.4977194982896237,0.38717067583046966,0.3539560696480374,0.4977194982896237,338,866,2.3483796296296298,35,6.349884526558891
24,61.0,https://insights.blackcoffer.com/how-python-became-the-first-choice-for-data-science/,0,102,-0.9999999901960785,0.0868824530776129,0.5935799782372143,0.45646196150320806,0.420016775896169,0.5935799782372143,498,1087,2.5319961795606494,13,6.699172033118675
25,62.0,https://insights.blackcoffer.com/how-google-fit-measure-heart-and-respiratory-rates-using-a-phone/,0,121,-0.9999999917355373,0.1047619046712018,0.5890625,0.47303271441202477,0.42483808576480997,0.5890625,535,1129,2.5710407239819006,8,6.879539415411869
26,63.0,https://insights.blackcoffer.com/what-is-the-future-of-mobile-apps/,0,64,-0.9999999843750003,0.08556149721181618,0.6006974716652136,0.46153846153846156,0.42489437328147006,0.6006974716652136,318,686,2.6319875776397517,8,6.809037900874635
27,64.0,https://insights.blackcoffer.com/impact-of-ai-in-health-and-medicine/,0,77,-0.9999999870129872,0.06275468617542405,0.5582697201017812,0.5132178669097539,0.42859503480461414,0.5582697201017812,563,1095,2.711484593837535,3,7.238356164383561
28,65.0,https://insights.blackcoffer.com/telemedicine-what-patients-like-and-dislike-about-it/,0,43,-0.9999999767441866,0.066874027889776,0.5841683366733467,0.47855917667238423,0.4250910053382924,0.5841683366733467,279,582,2.6392857142857142,4,7.0034364261168385
29,66.0,https://insights.blackcoffer.com/how-we-forecast-future-technologies/,0,121,-0.9999999917355373,0.12723448987672503,0.5903859174001355,0.47706422018348627,0.42698005503344877,0.5903859174001355,416,868,2.655253837072019,7,7.057603686635945
30,67.0,https://insights.blackcoffer.com/can-robots-tackle-late-life-loneliness/,0,28,-0.9999999642857155,0.09364548463663717,0.59375,0.518796992481203,0.44501879699248126,0.59375,138,265,2.768939393939394,3,7.479245283018868
31,68.0,https://insights.blackcoffer.com/embedding-care-robots-into-society-socio-technical-considerations/,0,14,-0.9999999285714337,0.031460674086605224,0.6427432216905901,0.49627791563275436,0.45560845492933777,0.6427432216905901,200,403,2.7698412698412698,2,7.124069478908188
32,69.0,https://insights.blackcoffer.com/management-challenges-for-future-digitalization-of-healthcare-services/,0,83,-0.9999999879518074,0.0679214402062836,0.6456783056668575,0.42907801418439717,0.4299025279405019,0.6456783056668575,484,1128,2.7137614678899085,3,7.1072695035460995
33,70.0,https://insights.blackcoffer.com/are-we-any-closer-to-preventing-a-nuclear-holocaust/,0,116,-0.9999999913793104,0.09570957087812741,0.6135741652983032,0.48617305976806424,0.43989889002654703,0.6135741652983032,545,1116,2.5927601809954752,1,7.051075268817204
34,71.0,https://insights.blackcoffer.com/will-technology-eliminate-the-need-for-animal-testing-in-drug-development/,0,52,-0.9999999807692311,0.05273833666050878,0.5759787657597877,0.4838709677419355,0.42393989340068927,0.5759787657597877,420,866,2.6967895362663494,7,7.143187066974596
35,72.0,https://insights.blackcoffer.com/will-we-ever-understand-the-nature-of-consciousness/,0,48,-0.9999999791666672,0.08347826072438563,0.6463414634146342,0.5792452830188679,0.4902346985734008,0.6463414634146342,307,530,2.8582375478927204,1,7.569811320754717
36,73.0,https://insights.blackcoffer.com/will-we-ever-colonize-outer-space/,0,20,-0.9999999500000024,0.054200541858535116,0.6342975206611571,0.5374592833876222,0.46870272161951176,0.6342975206611571,165,306,2.881188118811881,5,7.46078431372549
37,74.0,https://insights.blackcoffer.com/what-is-the-chance-homo-sapiens-will-survive-for-the-next-500-years/,0,16,-0.9999999375000038,0.05063291123217433,0.6121212121212121,0.40924092409240925,0.4085448544854486,0.6121212121212121,124,302,2.5150501672240804,8,6.7052980132450335
38,75.0,https://insights.blackcoffer.com/why-does-your-business-need-a-chatbot/,0,19,-0.9999999473684238,0.05491329463897892,0.543010752688172,0.5412541254125413,0.43370595124028527,0.543010752688172,164,303,2.8253424657534247,5,7.458745874587459
39,76.0,https://insights.blackcoffer.com/how-you-lead-a-project-or-a-team-without-any-technical-expertise/,0,14,-0.9999999285714337,0.04861111094232253,0.6272040302267002,0.46987951807228917,0.43883341931959574,0.6272040302267002,117,249,2.7468354430379747,4,7.0120481927710845
40,77.0,https://insights.blackcoffer.com/can-you-be-great-leader-without-technical-expertise/,0,19,-0.9999999473684238,0.07116104842261779,0.6009732360097324,0.5668016194331984,0.46710994217717233,0.6009732360097324,140,247,2.906122448979592,7,7.562753036437247
41,78.0,https://insights.blackcoffer.com/how-does-artificial-intelligence-affect-the-environment/,0,14,-0.9999999285714337,0.05243445673245522,0.6925465838509317,0.4798206278026906,0.46894688466144896,0.6925465838509317,107,223,2.859903381642512,1,7.20627802690583
42,79.0,https://insights.blackcoffer.com/how-to-overcome-your-fear-of-making-mistakes-2/,0,68,-0.9999999852941179,0.09840810405440216,0.5985334555453712,0.45329249617151607,0.42073038068675495,0.5985334555453712,296,653,2.5637254901960786,1,6.742725880551301
43,80.0,https://insights.blackcoffer.com/is-perfection-the-greatest-enemy-of-productivity/,0,28,-0.9999999642857155,0.07179487161078238,0.593900481540931,0.46216216216216216,0.42242505748123726,0.593900481540931,171,367,2.6100278551532035,4,6.959128065395095
44,81.0,https://insights.blackcoffer.com/global-financial-crisis-2008-causes-effects-and-its-solution/,0,109,-0.9999999908256881,0.09038142612737858,0.5825192802056556,0.5163283318623124,0.4395390448271872,0.5825192802056556,585,1132,2.7118023787740166,1,7.053886925795053
45,82.0,https://insights.blackcoffer.com/gender-diversity-and-equality-in-the-tech-industry/,0,32,-0.9999999687500011,0.0670859537377653,0.5885416666666666,0.48008849557522126,0.4274520648967552,0.5885416666666666,217,451,2.618834080717489,2,7.128603104212861
46,83.0,https://insights.blackcoffer.com/how-to-overcome-your-fear-of-making-mistakes/,0,3,-0.9999996666667778,0.02112676041460028,0.6906077348066298,0.56,0.500243093922652,0.6906077348066298,70,125,3.024390243902439,1,7.848
47,84.0,https://insights.blackcoffer.com/how-small-business-can-survive-the-coronavirus-crisis/,0,25,-0.9999999600000016,0.048923678964924305,0.5748299319727891,0.5009861932938856,0.4303264501066699,0.5748299319727891,254,504,2.6262425447316105,3,7.392857142857143
48,85.0,https://insights.blackcoffer.com/impacts-of-covid-19-on-vegetable-vendors-and-food-stalls/,0,51,-0.9999999803921573,0.07750759866640182,0.6123432979749277,0.494488188976378,0.4427325947805223,0.6123432979749277,314,633,2.6549520766773163,10,7.431279620853081
49,86.0,https://insights.blackcoffer.com/impacts-of-covid-19-on-vegetable-vendors/,0,50,-0.9999999800000005,0.061199510329009166,0.606280193236715,0.5033200531208499,0.443840098543026,0.606280193236715,379,753,2.6684782608695654,2,7.126162018592297
50,87.0,https://insights.blackcoffer.com/impact-of-covid-19-pandemic-on-tourism-aviation-industries/,0,75,-0.9999999866666669,0.08917954805091612,0.6048324240062354,0.5270618556701031,0.45275771187053543,0.6048324240062354,409,776,2.6527415143603132,3,6.985824742268041
51,88.0,https://insights.blackcoffer.com/impact-of-covid-19-pandemic-on-sports-events-around-the-world/,0,35,-0.9999999714285723,0.07625272314541891,0.6075418994413407,0.5724137931034483,0.4719822770179157,0.6075418994413407,249,433,2.8770301624129933,1,7.789838337182448
52,89.0,https://insights.blackcoffer.com/changing-landscape-and-emerging-trends-in-the-indian-it-ites-industry/,0,77,-0.9999999870129872,0.10476190461937156,0.5877926421404682,0.4779516358463727,0.42629771119473636,0.5877926421404682,336,700,2.6131805157593124,9,7.0042857142857144
53,90.0,https://insights.blackcoffer.com/online-gaming-adolescent-online-gaming-effects-demotivated-depression-musculoskeletal-and-psychosomatic-symptoms/,0,100,-0.9999999900000002,0.07547169805624777,0.6431556948798328,0.5572705117790414,0.4801704826635497,0.6431556948798328,686,1231,2.802315963606286,2,7.430544272948822
54,91.0,https://insights.blackcoffer.com/human-rights-outlook/,0,96,-0.9999999895833335,0.10147991532613117,0.5593329057087877,0.4518348623853211,0.4044671072376435,0.5593329057087877,394,867,2.526806526806527,7,6.738177623990773
55,92.0,https://insights.blackcoffer.com/how-voice-search-makes-your-business-a-successful-business/,0,105,-0.9999999904761906,0.0894378193446015,0.6009825327510917,0.5649409627611263,0.4663693982048872,0.6009825327510917,622,1096,2.782967032967033,3,7.4260948905109485
56,93.0,https://insights.blackcoffer.com/how-the-covid-19-crisis-is-redefining-jobs-and-services/,0,88,-0.9999999886363637,0.09034907588259848,0.56737998843262,0.4444444444444444,0.4047297731508258,0.56737998843262,436,976,2.577800829875519,18,6.69672131147541
57,94.0,https://insights.blackcoffer.com/how-to-increase-social-media-engagement-for-marketers/,0,83,-0.9999999879518074,0.07255244748902757,0.5841905793178127,0.46246524559777574,0.41866232996623537,0.5841905793178127,499,1071,2.5845272206303727,13,6.940242763772176
58,95.0,https://insights.blackcoffer.com/impacts-of-covid-19-on-streets-sides-food-stalls/,0,69,-0.9999999855072467,0.0814639904587202,0.5628612716763006,0.4749679075738126,0.41513167170004533,0.5628612716763006,370,774,2.57012987012987,19,7.0
59,96.0,https://insights.blackcoffer.com/coronavirus-impact-on-energy-markets-2/,0,41,-0.9999999756097567,0.07068965505053508,0.5883668903803132,0.48098859315589354,0.4277421934144827,0.5883668903803132,253,522,2.596116504854369,8,7.040229885057471
60,97.0,https://insights.blackcoffer.com/coronavirus-impact-on-the-hospitality-industry-5/,0,4,-0.9999997500000625,0.028368794125044013,0.6850828729281768,0.5645161290322581,0.49983960078417394,0.6850828729281768,70,124,3.0081967213114753,1,7.82258064516129
61,98.0,https://insights.blackcoffer.com/lessons-from-the-past-some-key-learnings-relevant-to-the-coronavirus-crisis-4/,0,53,-0.9999999811320759,0.09906542037557865,0.5900116144018583,0.4468503937007874,0.41474480324105834,0.5900116144018583,227,507,2.4549098196392785,3,6.72189349112426
62,99.0,https://insights.blackcoffer.com/estimating-the-impact-of-covid-19-on-the-world-of-work-2/,0,108,-0.9999999907407409,0.08017817365985287,0.5668122270742358,0.48536209553158705,0.42086972904232917,0.5668122270742358,630,1292,2.653605015673981,10,6.868421052631579
63,100.0,https://insights.blackcoffer.com/estimating-the-impact-of-covid-19-on-the-world-of-work-3/,0,110,-0.999999990909091,0.07896625981409457,0.603422244589834,0.4653878231859883,0.42752402711032894,0.603422244589834,558,1192,2.5146935348446684,2,6.902684563758389
64,101.0,https://insights.blackcoffer.com/travel-and-tourism-outlook/,0,59,-0.9999999830508478,0.07160194166067725,0.5965045592705167,0.554140127388535,0.46025787466362067,0.5965045592705167,435,782,2.829923273657289,9,7.554987212276215
65,102.0,https://insights.blackcoffer.com/gaming-disorder-and-effects-of-gaming-on-health/,0,61,-0.9999999836065577,0.06703296695930443,0.6254598969830758,0.45529411764705885,0.4323016058520539,0.6254598969830758,387,849,2.5943970767356883,7,6.705535924617196
66,103.0,https://insights.blackcoffer.com/what-is-the-repercussion-of-the-environment-due-to-the-covid-19-pandemic-situation/,0,84,-0.9999999880952383,0.09312638570606831,0.5263748597081931,0.48294243070362475,0.4037269161647272,0.5263748597081931,453,935,2.6247311827956987,33,6.974331550802139
67,104.0,https://insights.blackcoffer.com/what-is-the-repercussion-of-the-environment-due-to-the-covid-19-pandemic-situation-2/,0,88,-0.9999999886363637,0.08486017349579539,0.5885542168674699,0.49129989764585463,0.4319416458053298,0.5885542168674699,480,974,2.7025052192066807,12,7.087268993839836
68,105.0,https://insights.blackcoffer.com/impact-of-covid-19-pandemic-on-office-space-and-co-working-industries/,0,28,-0.9999999642857155,0.06167400867472685,0.6270676691729323,0.5539568345323741,0.4724098014821226,0.6270676691729323,231,417,2.861985472154964,1,7.482014388489208
69,106.0,https://insights.blackcoffer.com/contribution-of-handicrafts-visual-arts-literature-in-the-indian-economy/,0,122,-0.9999999918032788,0.1307609859263012,0.534587995930824,0.44814462416745954,0.39309304803931344,0.534587995930824,471,1051,2.5063168124392616,16,6.621313035204567
70,107.0,https://insights.blackcoffer.com/how-covid-19-is-impacting-payment-preferences/,0,20,-0.9999999500000024,0.036036035971106245,0.588500563697858,0.5459770114942529,0.45379103007684435,0.588500563697858,285,520,2.753875968992248,1,7.365384615384615
71,108.0,https://insights.blackcoffer.com/how-will-covid-19-affect-the-world-of-work-2/,0,23,-0.999999956521741,0.04049295767518846,0.6101295641931684,0.5656370656370656,0.47030665193209364,0.6101295641931684,293,518,2.8133595284872297,1,7.754826254826255
72,109.0,https://insights.blackcoffer.com/lessons-from-the-past-some-key-learnings-relevant-to-the-coronavirus-crisis/,0,6,-0.9999998333333611,0.026200873248031123,0.6636904761904762,0.5426008968609866,0.4825165492205852,0.6636904761904762,121,223,2.8136363636363635,3,7.57847533632287
73,110.0,https://insights.blackcoffer.com/covid-19-how-have-countries-been-responding/,0,3,-0.9999996666667778,0.02097902083231454,0.6810810810810811,0.5476190476190477,0.49148005148005147,0.6810810810810811,69,126,2.9919354838709675,1,7.785714285714286
74,111.0,https://insights.blackcoffer.com/coronavirus-impact-on-the-hospitality-industry-2/,0,96,-0.9999999895833335,0.1013727559647595,0.5816393442622951,0.5107102593010147,0.43693984142532394,0.5816393442622951,453,882,2.615650172612198,3,7.019274376417234
75,112.0,https://insights.blackcoffer.com/how-will-covid-19-affect-the-world-of-work-3/,0,35,-0.9999999714285723,0.0626118066858465,0.5873015873015873,0.47104247104247104,0.42333762333762337,0.5873015873015873,244,518,2.6307385229540916,4,6.913127413127413
76,113.0,https://insights.blackcoffer.com/coronavirus-impact-on-the-hospitality-industry-3/,0,96,-0.9999999895833335,0.0832610580370676,0.5291523762861342,0.46111111111111114,0.3961053949588982,0.5291523762861342,498,1075,2.596622889305816,10,6.934883720930233
77,114.0,https://insights.blackcoffer.com/estimating-the-impact-of-covid-19-on-the-world-of-work/,0,45,-0.9999999777777784,0.08806262213686375,0.6025,0.5394190871369294,0.4567676348547718,0.6025,260,482,2.710970464135021,5,7.29253112033195
78,115.0,https://insights.blackcoffer.com/covid-19-how-have-countries-been-responding-2/,0,9,-0.9999998888889013,0.025139664734246746,0.6361940298507462,0.45454545454545453,0.4362957937584804,0.6361940298507462,155,341,2.633136094674556,1,6.903225806451613
79,116.0,https://insights.blackcoffer.com/how-will-covid-19-affect-the-world-of-work-4/,0,32,-0.9999999687500011,0.05342237052851023,0.5955882352941176,0.47795414462081126,0.42941695196597157,0.5955882352941176,271,565,2.550541516245487,5,6.755752212389381
80,117.0,https://insights.blackcoffer.com/lessons-from-the-past-some-key-learnings-relevant-to-the-coronavirus-crisis-2/,0,24,-0.999999958333335,0.0545454544214876,0.6272,0.5,0.45088,0.6272,196,391,2.831168831168831,2,7.281329923273657
81,118.0,https://insights.blackcoffer.com/lessons-from-the-past-some-key-learnings-relevant-to-the-coronavirus-crisis-3/,0,26,-0.9999999615384629,0.07951070312076237,0.5682656826568265,0.525974025974026,0.43769588345234106,0.5682656826568265,162,305,2.8529411764705883,1,7.521311475409836
82,119.0,https://insights.blackcoffer.com/coronavirus-impact-on-the-hospitality-industry-4/,0,8,-0.9999998750000157,0.03478260854442344,0.6446540880503144,0.5609756097560976,0.48225187912256484,0.6446540880503144,115,205,2.9211822660098523,3,7.770731707317073
83,120.0,https://insights.blackcoffer.com/why-scams-like-nirav-modi-happen-with-indian-banks/,0,63,-0.9999999841269844,0.10641891873915724,0.562111801242236,0.4162062615101289,0.391327225100946,0.562111801242236,226,536,2.4925925925925925,14,6.667910447761194
84,121.0,https://insights.blackcoffer.com/impact-of-covid-19-on-the-global-economy/,0,13,-0.9999999230769291,0.05627705603343266,0.6355685131195336,0.5137614678899083,0.4597319924037768,0.6355685131195336,112,217,2.7488372093023257,2,7.225806451612903
85,122.0,https://insights.blackcoffer.com/impact-of-covid-19coronavirus-on-the-indian-economy-2/,0,46,-0.9999999782608701,0.08185053366218767,0.6251511487303507,0.5822050290135397,0.48294247109755617,0.6251511487303507,301,517,2.925196850393701,1,7.6189555125725335
86,123.0,https://insights.blackcoffer.com/impact-of-covid-19-on-the-global-economy-2/,0,11,-0.9999999090909174,0.052884615130362425,0.6139240506329114,0.5103092783505154,0.4496933315933708,0.6139240506329114,99,192,2.7526315789473683,5,7.307291666666667
87,124.0,https://insights.blackcoffer.com/impact-of-covid-19-coronavirus-on-the-indian-economy-3/,0,37,-0.9999999729729737,0.12131147501209352,0.5596330275229358,0.46885245901639344,0.4113941946157317,0.5596330275229358,143,296,2.642384105960265,6,7.114864864864865
88,125.0,https://insights.blackcoffer.com/should-celebrities-be-allowed-to-join-politics/,0,75,-0.9999999866666669,0.06334459454109409,0.5841905793178127,0.535681186283596,0.44794870624056354,0.5841905793178127,578,1078,2.799627213420317,17,7.51948051948052
89,126.0,https://insights.blackcoffer.com/how-prepared-is-india-to-tackle-a-possible-covid-19-outbreak/,0,67,-0.9999999850746272,0.06713426846980534,0.5382571732199788,0.42546890424481737,0.3854904309859185,0.5382571732199788,431,1005,2.5365111561866125,19,6.684577114427861
90,127.0,https://insights.blackcoffer.com/how-will-covid-19-affect-the-world-of-work/,0,62,-0.999999983870968,0.06037000967831547,0.5843260188087774,0.43240343347639487,0.4066917809140689,0.5843260188087774,403,929,2.502202643171806,17,6.673842841765339
91,128.0,https://insights.blackcoffer.com/controversy-as-a-marketing-strategy/,0,31,-0.9999999677419364,0.05636363626115703,0.49556650246305417,0.4711729622266402,0.3866957858758777,0.49556650246305417,237,494,2.589430894308943,1,6.935222672064778
92,129.0,https://insights.blackcoffer.com/coronavirus-impact-on-the-hospitality-industry/,0,53,-0.9999999811320759,0.06408706159118856,0.5044585987261146,0.4595959595959596,0.38562182332882977,0.5044585987261146,364,789,2.503846153846154,5,6.718631178707224
93,130.0,https://insights.blackcoffer.com/coronavirus-impact-on-energy-markets/,0,39,-0.999999974358975,0.1089385471817359,0.5589171974522293,0.5014245014245015,0.4241366795506924,0.5589171974522293,176,349,2.7220630372492836,9,7.017191977077364
94,131.0,https://insights.blackcoffer.com/what-are-the-key-policies-that-will-mitigate-the-impacts-of-covid-19-on-the-world-of-work/,0,60,-0.9999999833333336,0.05434782603772841,0.6018626309662398,0.5087040618955513,0.4442266771447164,0.6018626309662398,526,1031,2.712745098039216,8,7.028128031037827
95,132.0,https://insights.blackcoffer.com/marketing-drives-results-with-a-focus-on-problems/,0,95,-0.9999999894736844,0.14415781465226432,0.5497797356828193,0.47275641025641024,0.4090144583756919,0.5497797356828193,295,618,2.570048309178744,12,6.86084142394822
96,133.0,https://insights.blackcoffer.com/continued-demand-for-sustainability/,0,80,-0.9999999875000002,0.11157601100198604,0.5394944707740916,0.3850658857979502,0.36982414262881674,0.5394944707740916,263,678,2.3807407407407406,6,6.563421828908554
97,134.0,https://insights.blackcoffer.com/coronavirus-disease-covid-19-effect-the-impact-and-role-of-mass-media-during-the-pandemic/,0,57,-0.9999999824561407,0.07744565206868798,0.5993121238177128,0.3830703012912482,0.3929529700435844,0.5993121238177128,267,696,2.361069836552749,1,6.498563218390805
98,135.0,https://insights.blackcoffer.com/should-people-wear-fabric-gloves-seeking-evidence-regarding-the-differential-transfer-of-covid-19-or-coronaviruses-generally-between-surfaces/,0,46,-0.9999999782608701,0.05808080800747373,0.5955518945634267,0.5131396957123098,0.44347663611029464,0.5955518945634267,371,719,2.720505617977528,7,7.3449235048678725
99,136.0,https://insights.blackcoffer.com/why-is-there-a-severe-immunological-and-inflammatory-explosion-in-those-affected-by-sarms-covid-19/,0,97,-0.9999999896907218,0.14327917260963194,0.5555555555555556,0.47751937984496123,0.4132299741602068,0.5555555555555556,308,637,2.5585023400936038,14,6.846153846153846
100,137.0,https://insights.blackcoffer.com/what-do-you-think-is-the-lesson-or-lessons-to-be-learned-with-covid-19/,0,34,-0.9999999705882362,0.06563706551035316,0.5746987951807229,0.47379454926624737,0.41939733777878807,0.5746987951807229,226,476,2.534782608695652,6,6.857142857142857
101,138.0,https://insights.blackcoffer.com/coronavirus-the-unexpected-challenge-for-the-european-union/,0,17,-0.999999941176474,0.05610561037588908,0.6017505470459519,0.4727272727272727,0.42979112790928986,0.6017505470459519,130,275,2.6988847583643123,1,7.170909090909091
102,139.0,https://insights.blackcoffer.com/industrial-revolution-4-0-pros-and-cons/,0,45,-0.9999999777777784,0.07627118631140477,0.6118568232662193,0.4826325411334552,0.4377957457598698,0.6118568232662193,264,547,2.6486988847583643,1,7.212065813528336
103,140.0,https://insights.blackcoffer.com/impact-of-covid-19-coronavirus-on-the-indian-economy/,0,53,-0.9999999811320759,0.062352941103114186,0.5909428359317,0.47613065326633164,0.42682939567921263,0.5909428359317,379,792,2.5716129032258066,6,6.945707070707071
104,141.0,https://insights.blackcoffer.com/impact-of-covid-19-coronavirus-on-the-indian-economy-2/,0,48,-0.9999999791666672,0.017738359195218642,0.6657848324514991,0.3995584988962472,0.4261373325390985,0.6657848324514991,905,2263,2.375543740937651,1,6.306230667255855
105,142.0,https://insights.blackcoffer.com/impact-of-covid-19coronavirus-on-the-indian-economy/,0,80,-0.9999999875000002,0.07421150271408951,0.5516506922257721,0.4951737451737452,0.4187297749598069,0.5516506922257721,513,1031,2.6098522167487683,11,7.025218234723569
106,143.0,https://insights.blackcoffer.com/impact-of-covid-19-coronavirus-on-the-global-economy/,0,95,-0.9999999894736844,0.08543165459943196,0.6279212792127922,0.5612144955925563,0.4756543099221395,0.6279212792127922,573,1021,2.7517517517517516,1,7.262487757100882
108,145.0,https://insights.blackcoffer.com/blockchain-in-fintech/,0,7,-0.9999998571428775,0.03414634129684711,0.6312292358803987,0.5052631578947369,0.4545969575100543,0.6312292358803987,96,189,2.8378378378378377,3,7.333333333333333
109,146.0,https://insights.blackcoffer.com/blockchain-for-payments/,0,35,-0.9999999714285723,0.05460218400218068,0.5985915492957746,0.4672268907563025,0.4263273760208309,0.5985915492957746,278,592,2.5163511187607575,2,6.72972972972973
110,147.0,https://insights.blackcoffer.com/the-future-of-investing/,0,71,-0.9999999859154932,0.06981317593922008,0.5246568378240977,0.45930232558139533,0.3935836653621972,0.5246568378240977,474,1022,2.5591397849462365,6,6.946183953033268
111,148.0,https://insights.blackcoffer.com/big-data-analytics-in-healthcare/,0,70,-0.9999999857142859,0.06261180674184989,0.5843071786310517,0.4876190476190476,0.4287704905000398,0.5843071786310517,512,1046,2.5471331389698735,6,6.897705544933078
112,149.0,https://insights.blackcoffer.com/business-analytics-in-the-healthcare-industry/,0,66,-0.9999999848484851,0.08753315638258202,0.5975103734439834,0.44583333333333336,0.41733748271092674,0.5975103734439834,321,715,2.559659090909091,4,6.8895104895104895
113,150.0,https://insights.blackcoffer.com/challenges-and-opportunities-of-big-data-in-healthcare/,0,63,-0.9999999841269844,0.05163934421996775,0.6096372495939361,0.4822380106571936,0.4367501041004519,0.6096372495939361,543,1126,2.71115347950429,2,7.073712255772646
